SEGM_DATE,CLIENT_ID,AVG_MG,AVG_MG_1,AVG_MG_2,MIN_MG,MIN_MG_1,MIN_MG_2,MAX_MG,MAX_MG_1,MAX_MG_2,COUNT_TR,COUNT_TR_1,COUNT_TR_2,SUM_TR_TOTAL,SUM_TR_TOTAL_1,SUM_TR_TOTAL_2,SUM_TR,SUM_TR_1,SUM_TR_2,RECENTY,RECENTY_1,RECENTY_2,AVG_SKU,AVG_SKU_1,AVG_SKU_2,AVG_COUNT_TR,AVG_COUNT_TR_1,AVG_COUNT_TR_2,MIN_COUNT_TR,MIN_COUNT_TR_1,MIN_COUNT_TR_2,MAX_COUNT_TR,MAX_COUNT_TR_1,MAX_COUNT_TR_2,AVG_SUM_TR_TOTAL,AVG_SUM_TR_TOTAL_1,AVG_SUM_TR_TOTAL_2,AVG_SUM_TR,AVG_SUM_TR_1,AVG_SUM_TR_2,AVG_LATENCY,AVG_LATENCY_1,AVG_LATENCY_2,MIN_LATENCY,MIN_LATENCY_1,MIN_LATENCY_2,MAX_LATENCY,MAX_LATENCY_1,MAX_LATENCY_2,NP_AMOUNT,NP_AMOUNT_1,NP_AMOUNT_2,NP_SUM,NP_SUM_1,NP_SUM_2,PR_AMOUNT,PR_AMOUNT_1,PR_AMOUNT_2,PR_SUM,PR_SUM_1,PR_SUM_2,AL_AMOUNT,AL_AMOUNT_1,AL_AMOUNT_2,AL_SUM,AL_SUM_1,AL_SUM_2,OTHER_SUM,OTHER_SUM_1,OTHER_SUM_2,FAVORITE_STORE,FAVORITE_STORE_1,FAVORITE_STORE_2,SUM_MG,SUM_MG_1,SUM_MG_2,D_TRANS,D_TRANS_1,D_TRANS_2,AVG_BILL,AVG_BILL_1,AVG_BILL_2,SEGMENT_ID,SEGMENT_ID_1,SEGMENT_ID_2,DISTANCE,DISTANCE_1,DISTANCE_2,SUM_TR_TOTAL_BASE_DIST,SUM_TR_TOTAL_BASE_DIST_1,SUM_TR_TOTAL_BASE_DIST_2,SUM_TR_TOTAL_ETALON_DIST,SUM_TR_TOTAL_ETALON_DIST_1,SUM_TR_TOTAL_ETALON_DIST_2,SUM_TR_TOTAL_DIST_TYPE,SUM_TR_TOTAL_DIST_TYPE_1,SUM_TR_TOTAL_DIST_TYPE_2,AVG_BILL_BASE_DIST,AVG_BILL_BASE_DIST_1,AVG_BILL_BASE_DIST_2,AVG_BILL_ETALON_DIST,AVG_BILL_ETALON_DIST_1,AVG_BILL_ETALON_DIST_2,AVG_BILL_DIST_TYPE,AVG_BILL_DIST_TYPE_1,AVG_BILL_DIST_TYPE_2,AVG_COUNT_TR_BASE_DIST,AVG_COUNT_TR_BASE_DIST_1,AVG_COUNT_TR_BASE_DIST_2,AVG_COUNT_TR_ETALON_DIST,AVG_COUNT_TR_ETALON_DIST_1,AVG_COUNT_TR_ETALON_DIST_2,AVG_COUNT_TR_DIST_TYPE,AVG_COUNT_TR_DIST_TYPE_1,AVG_COUNT_TR_DIST_TYPE_2,D_TRANS_BASE_DIST,D_TRANS_BASE_DIST_1,D_TRANS_BASE_DIST_2,D_TRANS_ETALON_DIST,D_TRANS_ETALON_DIST_1,D_TRANS_ETALON_DIST_2,D_TRANS_DIST_TYPE,D_TRANS_DIST_TYPE_1,D_TRANS_DIST_TYPE_2,AVG_MG_BASE_DIST,AVG_MG_BASE_DIST_1,AVG_MG_BASE_DIST_2,AVG_MG_ETALON_DIST,AVG_MG_ETALON_DIST_1,AVG_MG_ETALON_DIST_2,AVG_MG_DIST_TYPE,AVG_MG_DIST_TYPE_1,AVG_MG_DIST_TYPE_2,SUM_MG_BASE_DIST,SUM_MG_BASE_DIST_1,SUM_MG_BASE_DIST_2,SUM_MG_ETALON_DIST,SUM_MG_ETALON_DIST_1,SUM_MG_ETALON_DIST_2,SUM_MG_DIST_TYPE,SUM_MG_DIST_TYPE_1,SUM_MG_DIST_TYPE_2,GROUP_CHANGE_RESULT,GROUP_CHANGE_RESULT_1,GROUP_CHANGE_RESULT_2,PROFIT_GROUP_ID,PROFIT_GROUP_ID_1,PROFIT_GROUP_ID_2,CHANGE_PROFIT_GROUP_ID,CHANGE_PROFIT_GROUP_ID_1,CHANGE_PROFIT_GROUP_ID_2,CHANGE_SEGMENT_ID,CHANGE_SEGMENT_ID_1,CHANGE_SEGMENT_ID_2,PVAL_GROUP_CHANGE0,PVAL_GROUP_CHANGE0_1,PVAL_GROUP_CHANGE0_2,PVAL_GROUP_CHANGE1,PVAL_GROUP_CHANGE1_1,PVAL_GROUP_CHANGE1_2,PVAL_GROUP_CHANGE_1,PVAL_GROUP_CHANGE_1_1,PVAL_GROUP_CHANGE_1_2,MODIFY_DATE,MODIFY_DATE_1,MODIFY_DATE_2,_SEGMENT_,_SEGMENT__1,_SEGMENT__2,_SEGMENT_LABEL_,_SEGMENT_LABEL__1,_SEGMENT_LABEL__2,EM_SEGMENT,EM_SEGMENT_1,EM_SEGMENT_2
01APR2012:00:00:00,1-ET-1502,6.25,,,1,,,19,,,4,,,13764.0,,,14673.23,,,10,,,10.5,,,1.33,,,0,,,3,,,4588.0,,,4891.08,,,11.0,,,3.0,,,16.0,,,4,,,5356.9,,,18,,,8407.1,,,0,,,0,,,0,,,10,,,22,,,0.75,,,3441.0,,,9,,,0.0818862448,,,-3877.549228,,,347.0,,,Pre_Etalon,,,-1447.046638,,,-616.5,,,Etalon,,,0.4515119931,,,1.0,,,Pre_Base,,,-0.012783258,,,-0.083333333,,,Etalon,,,-0.302016436,,,1.75,,,Pre_Etalon,,,-2.949087994,,,3,,,Pre_Etalon,,,0.0,,,4.0,,,4.0,,,9.0,,,0.6163522013,,,0.0624438455,,,0.3212039533,,,18APR2014:18:11:24.215456,,,4,,,Cluster9,,,9,,
01APR2013:00:00:00,1-ET-1502,2.5,6.25,,1,1.0,,3,19.0,,4,4.0,,9362.0,13764.0,,9878.08,14673.23,,1,10.0,,3.0,10.5,,1.33,1.33,,0,0.0,,3,3.0,,3120.67,4588.0,,3292.69,4891.08,,17.67,11.0,,7.0,3.0,,33.0,16.0,,2,4.0,,5113.07,5356.9,,5,18.0,,4248.93,8407.1,,0,0.0,,0,0.0,,0,0.0,,18,10.0,,7,22.0,,0.75,0.75,,2340.5,3441.0,,11,9.0,,0.2404602237,0.0818862448,,-6619.278266,-3877.549228,,-4984.0,347.0,,Etalon,Pre_Etalon,,-604.5625513,-1447.046638,,291.5,-616.5,,Pre_Etalon,Etalon,,-0.752182512,0.4515119931,,-0.66,1.0,,Etalon,Pre_Base,,0.2395526828,-0.012783258,,0.25,-0.083333333,,Pre_Base,Etalon,,1.6633119416,-0.302016436,,3.83,1.75,,Pre_Base,Pre_Etalon,,-1.020469697,-2.949087994,,2,3.0,,Pre_Etalon,Pre_Etalon,,-1.0,0.0,,5.0,4.0,,5.0,4.0,,11.0,9.0,,0.4192263936,0.6163522013,,,0.0624438455,,0.5807736064,0.3212039533,,21APR2014:17:03:46.163882,18APR2014:18:11:24.215456,,2,4.0,,Cluster11,Cluster9,,11,9.0,
01AUG2012:00:00:00,1-ET-1502,7.0,2.5,6.25,2,1.0,1.0,30,3.0,19.0,9,4.0,4.0,33490.5,9362.0,13764.0,35676.88,9878.08,14673.23,0,1.0,10.0,12.22,3.0,10.5,3.0,1.33,1.33,1,0.0,0.0,6,3.0,3.0,11163.5,3120.67,4588.0,11892.29,3292.69,4891.08,9.38,17.67,11.0,0.0,7.0,3.0,30.0,33.0,16.0,6,2.0,4.0,5912.35,5113.07,5356.9,35,5.0,18.0,27578.15,4248.93,8407.1,0,0.0,0.0,0,0.0,0.0,0,0.0,0.0,10,18.0,10.0,41,7.0,22.0,0.5555555556,0.75,0.75,3721.1666667,2340.5,3441.0,7,11.0,9.0,0.1756421229,0.2404602237,0.0818862448,-12643.37917,-6619.278266,-3877.549228,-4107.5,-4984.0,347.0,Etalon,Etalon,Pre_Etalon,-593.0028793,-604.5625513,-1447.046638,483.0,291.5,-616.5,Pre_Etalon,Pre_Etalon,Etalon,-0.394509332,-0.752182512,0.4515119931,1.0,-0.66,1.0,Pre_Etalon,Etalon,Pre_Base,7.44086e-05,0.2395526828,-0.012783258,-0.055555556,0.25,-0.083333333,Pre_Base,Pre_Base,Etalon,2.3062384083,1.6633119416,-0.302016436,4.5,3.83,1.75,Pre_Base,Pre_Base,Pre_Etalon,-8.848456392,-1.020469697,-2.949087994,-1,2.0,3.0,Etalon,Pre_Etalon,Pre_Etalon,0.0,-1.0,0.0,3.0,5.0,4.0,3.0,5.0,4.0,7.0,11.0,9.0,0.7743914911,0.4192263936,0.6163522013,0.0293516056,,0.0624438455,0.1962569033,0.5807736064,0.3212039533,19APR2014:17:51:07.138602,21APR2014:17:03:46.163882,18APR2014:18:11:24.215456,8,2.0,4.0,Cluster7,Cluster11,Cluster9,7,11.0,9.0
01AUG2013:00:00:00,1-ET-1502,3.5,7.0,2.5,1,2.0,1.0,6,30.0,3.0,2,9.0,4.0,2667.0,33490.5,9362.0,3179.56,35676.88,9878.08,20,0.0,1.0,4.0,12.22,3.0,0.67,3.0,1.33,0,1.0,0.0,1,6.0,3.0,889.0,11163.5,3120.67,1059.85,11892.29,3292.69,37.0,9.38,17.67,37.0,0.0,7.0,37.0,30.0,33.0,2,6.0,2.0,1892.0,5912.35,5113.07,4,35.0,5.0,775.0,27578.15,4248.93,0,0.0,0.0,0,0.0,0.0,0,0.0,0.0,18,10.0,18.0,6,41.0,7.0,0.5,0.5555555556,0.75,1333.5,3721.1666667,2340.5,10,7.0,11.0,0.169157328,0.1756421229,0.2404602237,4335.1188139,-12643.37917,-6619.278266,7862.0,-4107.5,-4984.0,Pre_Base,Etalon,Etalon,-50.7331062,-593.0028793,-604.5625513,497.75,483.0,291.5,Pre_Etalon,Pre_Etalon,Pre_Etalon,1.4734359895,-0.394509332,-0.752182512,2.66,1.0,-0.66,Pre_Base,Pre_Etalon,Etalon,-0.098865956,7.44086e-05,0.2395526828,-0.25,-0.055555556,0.25,Etalon,Pre_Base,Pre_Base,0.4798348469,2.3062384083,1.6633119416,1.94,4.5,3.83,Pre_Base,Pre_Base,Pre_Base,7.4902226454,-8.848456392,-1.020469697,14,-1.0,2.0,Pre_Base,Etalon,Pre_Etalon,0.0,0.0,-1.0,4.0,3.0,5.0,4.0,3.0,5.0,10.0,7.0,11.0,0.9152115514,0.7743914911,0.4192263936,0.0420584285,0.0293516056,,0.0427300201,0.1962569033,0.5807736064,24APR2014:12:33:27.574429,19APR2014:17:51:07.138602,21APR2014:17:03:46.163882,7,8.0,2.0,Cluster10,Cluster7,Cluster11,10,7.0,11.0
01DEC2012:00:00:00,1-ET-1502,3.14,3.5,7.0,1,1.0,2.0,6,6.0,30.0,7,2.0,9.0,13560.5,2667.0,33490.5,14349.06,3179.56,35676.88,17,20.0,0.0,4.14,4.0,12.22,2.33,0.67,3.0,0,0.0,1.0,5,1.0,6.0,4520.17,889.0,11163.5,4783.02,1059.85,11892.29,5.5,37.0,9.38,1.0,37.0,0.0,10.0,37.0,30.0,3,2.0,6.0,4361.33,1892.0,5912.35,15,4.0,35.0,9199.17,775.0,27578.15,0,0.0,0.0,0,0.0,0.0,0,0.0,0.0,25,18.0,10.0,18,6.0,41.0,0.7142857143,0.5,0.5555555556,1937.2142857,1333.5,3721.1666667,9,10.0,7.0,0.1687727645,0.169157328,0.1756421229,-2909.318652,4335.1188139,-12643.37917,1600.5,7862.0,-4107.5,Pre_Etalon,Pre_Base,Etalon,255.91105858,-50.7331062,-593.0028793,1135.2857143,497.75,483.0,Pre_Base,Pre_Etalon,Pre_Etalon,-0.589253568,1.4734359895,-0.394509332,0.0,2.66,1.0,Etalon,Pre_Base,Pre_Etalon,0.0208534481,-0.098865956,7.44086e-05,-0.047619048,-0.25,-0.055555556,Pre_Base,Etalon,Pre_Base,2.7913207873,0.4798348469,2.3062384083,4.86,1.94,4.5,Pre_Base,Pre_Base,Pre_Base,0.8884668508,7.4902226454,-8.848456392,7,14.0,-1.0,Pre_Base,Pre_Base,Etalon,0.0,0.0,0.0,4.0,4.0,3.0,4.0,4.0,3.0,9.0,10.0,7.0,0.6163522013,0.9152115514,0.7743914911,0.0624438455,0.0420584285,0.0293516056,0.3212039533,0.0427300201,0.1962569033,20APR2014:11:07:29.240365,24APR2014:12:33:27.574429,19APR2014:17:51:07.138602,4,7.0,8.0,Cluster9,Cluster10,Cluster7,9,10.0,7.0
01FEB2013:00:00:00,1-ET-1502,2.0,3.14,3.5,1,1.0,1.0,3,6.0,6.0,2,7.0,2.0,4482.0,13560.5,2667.0,4916.5,14349.06,3179.56,78,17.0,20.0,2.5,4.14,4.0,0.67,2.33,0.67,0,0.0,0.0,2,5.0,1.0,1494.0,4520.17,889.0,1638.83,4783.02,1059.85,10.0,5.5,37.0,10.0,1.0,37.0,10.0,10.0,37.0,2,3.0,2.0,2995.0,4361.33,1892.0,2,15.0,4.0,1487.0,9199.17,775.0,0,0.0,0.0,0,0.0,0.0,0,0.0,0.0,25,25.0,18.0,4,18.0,6.0,1.0,0.7142857143,0.5,2241.0,1937.2142857,1333.5,11,9.0,10.0,0.1038360876,0.1687727645,0.169157328,-1629.598097,-2909.318652,4335.1188139,128.5,1600.5,7862.0,Pre_Etalon,Pre_Etalon,Pre_Base,-415.0858021,255.91105858,-50.7331062,506.25,1135.2857143,497.75,Pre_Etalon,Pre_Base,Pre_Etalon,-0.102561429,-0.589253568,1.4734359895,0.0,0.0,2.66,Etalon,Etalon,Pre_Base,-0.009893881,0.0208534481,-0.098865956,0.0,-0.047619048,-0.25,Etalon,Pre_Base,Etalon,2.1820282299,2.7913207873,0.4798348469,4.5,4.86,1.94,Pre_Base,Pre_Base,Pre_Base,1.9451821979,0.8884668508,7.4902226454,5,7.0,14.0,Pre_Base,Pre_Base,Pre_Base,0.0,0.0,0.0,5.0,4.0,4.0,5.0,4.0,4.0,11.0,9.0,10.0,0.7869500373,0.6163522013,0.9152115514,,0.0624438455,0.0420584285,0.2130499627,0.3212039533,0.0427300201,20APR2014:12:42:49.175569,20APR2014:11:07:29.240365,24APR2014:12:33:27.574429,2,4.0,7.0,Cluster11,Cluster9,Cluster10,11,9.0,10.0
01JAN2013:00:00:00,1-ET-1502,3.14,2.0,3.14,1,1.0,1.0,6,3.0,6.0,7,2.0,7.0,13560.5,4482.0,13560.5,14349.06,4916.5,14349.06,48,78.0,17.0,4.14,2.5,4.14,2.33,0.67,2.33,0,0.0,0.0,5,2.0,5.0,4520.17,1494.0,4520.17,4783.02,1638.83,4783.02,5.5,10.0,5.5,1.0,10.0,1.0,10.0,10.0,10.0,3,2.0,3.0,4361.33,2995.0,4361.33,15,2.0,15.0,9199.17,1487.0,9199.17,0,0.0,0.0,0,0.0,0.0,0,0.0,0.0,25,25.0,25.0,18,4.0,18.0,0.7142857143,1.0,0.7142857143,1937.2142857,2241.0,1937.2142857,9,11.0,9.0,0.1687727645,0.1038360876,0.1687727645,-3442.243689,-1629.598097,-2909.318652,974.75,128.5,1600.5,Pre_Etalon,Pre_Etalon,Pre_Etalon,133.74071332,-415.0858021,255.91105858,979.76904762,506.25,1135.2857143,Pre_Base,Pre_Etalon,Pre_Base,-0.583210147,-0.102561429,-0.589253568,0.0,0.0,0.0,Etalon,Etalon,Etalon,0.022335466,-0.009893881,0.0208534481,-0.047619048,0.0,-0.047619048,Pre_Base,Etalon,Pre_Base,2.8269311041,2.1820282299,2.7913207873,4.86,4.5,4.86,Pre_Base,Pre_Base,Pre_Base,0.8803689824,1.9451821979,0.8884668508,7,5.0,7.0,Pre_Base,Pre_Base,Pre_Base,1.0,0.0,0.0,4.0,5.0,4.0,3.0,5.0,4.0,7.0,11.0,9.0,0.3452571064,0.7869500373,0.6163522013,0.6406898754,,0.0624438455,0.0140530182,0.2130499627,0.3212039533,20APR2014:11:47:53.545764,20APR2014:12:42:49.175569,20APR2014:11:07:29.240365,4,2.0,4.0,Cluster9,Cluster11,Cluster9,9,11.0,9.0
01JAN2014:00:00:00,1-ET-1502,11.25,3.14,2.0,1,1.0,1.0,22,6.0,3.0,4,7.0,2.0,19279.0,13560.5,4482.0,19815.09,14349.06,4916.5,34,48.0,78.0,17.0,4.14,2.5,1.33,2.33,0.67,0,0.0,0.0,2,5.0,2.0,6426.33,4520.17,1494.0,6605.03,4783.02,1638.83,12.33,5.5,10.0,5.0,1.0,10.0,19.0,10.0,10.0,5,3.0,2.0,7479.98,4361.33,2995.0,25,15.0,2.0,11799.02,9199.17,1487.0,0,0.0,0.0,0,0.0,0.0,0,0.0,0.0,18,25.0,25.0,30,18.0,4.0,0.5,0.7142857143,1.0,4819.75,1937.2142857,2241.0,7,9.0,11.0,0.1371599941,0.1687727645,0.1038360876,2773.8976726,-3442.243689,-1629.598097,11602.54,974.75,128.5,Pre_Base,Pre_Etalon,Pre_Etalon,-1446.203538,133.74071332,-415.0858021,-325.0208333,979.76904762,506.25,Etalon,Pre_Base,Pre_Etalon,1.1684103139,-0.583210147,-0.102561429,2.34,0.0,0.0,Pre_Base,Etalon,Etalon,0.0455701959,0.022335466,-0.009893881,-0.038461539,-0.047619048,0.0,Pre_Base,Pre_Base,Etalon,-1.983216368,2.8269311041,2.1820282299,0.08,4.86,4.5,Pre_Etalon,Pre_Base,Pre_Base,1.386603139,0.8803689824,1.9451821979,9,7.0,5.0,Pre_Base,Pre_Base,Pre_Base,1.0,1.0,0.0,3.0,4.0,5.0,4.0,3.0,5.0,9.0,7.0,11.0,0.3073117641,0.3452571064,0.7869500373,0.6913030573,0.6406898754,,0.0013851786,0.0140530182,0.2130499627,30MAY2014:13:13:54.515373,20APR2014:11:47:53.545764,20APR2014:12:42:49.175569,8,4.0,2.0,Cluster7,Cluster9,Cluster11,7,9.0,11.0
01JUL2012:00:00:00,1-ET-1502,10.6,11.25,3.14,1,1.0,1.0,30,22.0,6.0,5,4.0,7.0,32506.0,19279.0,13560.5,34514.59,19815.09,14349.06,10,34.0,48.0,20.8,17.0,4.14,1.67,1.33,2.33,1,0.0,0.0,2,2.0,5.0,10835.33,6426.33,4520.17,11504.86,6605.03,4783.02,19.0,12.33,5.5,0.0,5.0,1.0,42.0,19.0,10.0,6,5.0,3.0,8005.79,7479.98,4361.33,30,25.0,15.0,24500.21,11799.02,9199.17,0,0.0,0.0,0,0.0,0.0,0,0.0,0.0,29,18.0,25.0,36,30.0,18.0,0.2,0.5,0.7142857143,6501.2,4819.75,1937.2142857,6,7.0,9.0,0.2994712255,0.1371599941,0.1687727645,-11665.09052,2773.8976726,-3442.243689,-3542.0,11602.54,974.75,Etalon,Pre_Base,Pre_Etalon,-4326.085563,-1446.203538,133.74071332,-3546.5,-325.0208333,979.76904762,Etalon,Etalon,Pre_Base,1.9168192663,1.1684103139,-0.583210147,3.33,2.34,0.0,Pre_Base,Pre_Base,Etalon,0.0082569148,0.0455701959,0.022335466,-0.088888889,-0.038461539,-0.047619048,Pre_Base,Pre_Base,Pre_Base,-3.42498807,-1.983216368,2.8269311041,-1.6,0.08,4.86,Etalon,Pre_Etalon,Pre_Base,-4.875882295,1.386603139,0.8803689824,2,9.0,7.0,Pre_Etalon,Pre_Base,Pre_Base,0.0,1.0,1.0,3.0,3.0,4.0,3.0,4.0,3.0,6.0,9.0,7.0,0.884269279,0.3073117641,0.3452571064,0.0945437977,0.6913030573,0.6406898754,0.0211869233,0.0013851786,0.0140530182,18APR2014:19:57:46.356046,30MAY2014:13:13:54.515373,20APR2014:11:47:53.545764,6,8.0,4.0,Cluster6,Cluster7,Cluster9,6,7.0,9.0
01JUL2013:00:00:00,1-ET-1502,3.5,10.6,11.25,1,1.0,1.0,6,30.0,22.0,2,5.0,4.0,6107.5,32506.0,19279.0,6413.5,34514.59,19815.09,26,10.0,34.0,4.5,20.8,17.0,0.67,1.67,1.33,0,1.0,0.0,1,2.0,2.0,2035.83,10835.33,6426.33,2137.83,11504.86,6605.03,56.0,19.0,12.33,56.0,0.0,5.0,56.0,42.0,19.0,3,6.0,5.0,4157.7,8005.79,7479.98,3,30.0,25.0,1949.8,24500.21,11799.02,0,0.0,0.0,0,0.0,0.0,0,0.0,0.0,25,29.0,18.0,6,36.0,30.0,0.5,0.2,0.5,3053.75,6501.2,4819.75,10,6.0,7.0,0.1946983478,0.2994712255,0.1371599941,906.66765071,-11665.09052,2773.8976726,4452.5,-3542.0,11602.54,Pre_Base,Etalon,Pre_Base,-1777.250336,-4326.085563,-1446.203538,-1230.666667,-3546.5,-325.0208333,Etalon,Etalon,Etalon,1.4777690781,1.9168192663,1.1684103139,2.66,3.33,2.34,Pre_Base,Pre_Base,Pre_Base,-0.097029562,0.0082569148,0.0455701959,-0.25,-0.088888889,-0.038461539,Etalon,Pre_Base,Pre_Base,0.4979201588,-3.42498807,-1.983216368,2.0,-1.6,0.08,Pre_Base,Etalon,Pre_Etalon,7.5595133069,-4.875882295,1.386603139,14,2.0,9.0,Pre_Base,Pre_Etalon,Pre_Base,1.0,0.0,1.0,4.0,3.0,3.0,3.0,3.0,4.0,6.0,6.0,9.0,0.47318236,0.884269279,0.3073117641,0.52681764,0.0945437977,0.6913030573,0.0,0.0211869233,0.0013851786,24APR2014:11:35:50.147261,18APR2014:19:57:46.356046,30MAY2014:13:13:54.515373,7,6.0,8.0,Cluster10,Cluster6,Cluster7,10,6.0,7.0
01JUN2012:00:00:00,1-ET-1502,6.29,3.5,10.6,1,1.0,1.0,19,6.0,30.0,7,2.0,5.0,25101.5,6107.5,32506.0,26749.93,6413.5,34514.59,8,26.0,10.0,10.86,4.5,20.8,2.33,0.67,1.67,2,0.0,1.0,3,1.0,2.0,8367.17,2035.83,10835.33,8916.64,2137.83,11504.86,13.83,56.0,19.0,0.0,56.0,0.0,42.0,56.0,42.0,5,3.0,6.0,7548.29,4157.7,8005.79,25,3.0,30.0,17553.21,1949.8,24500.21,0,0.0,0.0,0,0.0,0.0,0,0.0,0.0,29,25.0,29.0,30,6.0,36.0,0.1428571429,0.5,0.2,3585.9285714,3053.75,6501.2,6,10.0,6.0,0.1325918395,0.1946983478,0.2994712255,-3930.126988,906.66765071,-11665.09052,4372.5,4452.5,-3542.0,Pre_Etalon,Pre_Base,Etalon,-1382.206763,-1777.250336,-4326.085563,-574.5535714,-1230.666667,-3546.5,Etalon,Etalon,Etalon,1.2610877122,1.4777690781,1.9168192663,2.67,2.66,3.33,Pre_Base,Pre_Base,Pre_Base,0.0653656084,-0.097029562,0.0082569148,-0.025210084,-0.25,-0.088888889,Pre_Base,Etalon,Pre_Base,0.8890664517,0.4979201588,-3.42498807,2.71,2.0,-1.6,Pre_Base,Pre_Base,Etalon,1.0977883017,7.5595133069,-4.875882295,8,14.0,2.0,Pre_Base,Pre_Base,Pre_Etalon,0.0,1.0,0.0,3.0,4.0,3.0,3.0,3.0,3.0,6.0,6.0,6.0,0.6923613533,0.47318236,0.884269279,0.3010115103,0.52681764,0.0945437977,0.0066271364,0.0,0.0211869233,18APR2014:19:26:16.159281,24APR2014:11:35:50.147261,18APR2014:19:57:46.356046,6,7.0,6.0,Cluster6,Cluster10,Cluster6,6,10.0,6.0
01MAR2012:00:00:00,1-ET-1502,4.0,6.29,3.5,4,1.0,1.0,4,19.0,6.0,1,7.0,2.0,3214.5,25101.5,6107.5,3316.62,26749.93,6413.5,13,8.0,26.0,5.0,10.86,4.5,0.33,2.33,0.67,0,2.0,0.0,1,3.0,1.0,1071.5,8367.17,2035.83,1105.54,8916.64,2137.83,,13.83,56.0,,0.0,56.0,,42.0,56.0,3,5.0,3.0,2685.2,7548.29,4157.7,1,25.0,3.0,529.3,17553.21,1949.8,0,0.0,0.0,0,0.0,0.0,0,0.0,0.0,10,29.0,25.0,4,30.0,6.0,1.0,0.1428571429,0.5,3214.5,3585.9285714,3053.75,11,6.0,10.0,0.1002588248,0.1325918395,0.1946983478,-243.3806639,-3930.126988,906.66765071,1587.0,4372.5,4452.5,Pre_Etalon,Pre_Etalon,Pre_Base,-1504.761454,-1382.206763,-1777.250336,-651.5,-574.5535714,-1230.666667,Etalon,Etalon,Etalon,0.3194612345,1.2610877122,1.4777690781,0.67,2.67,2.66,Pre_Base,Pre_Base,Pre_Base,-0.011409157,0.0653656084,-0.097029562,0.0,-0.025210084,-0.25,Etalon,Pre_Base,Etalon,0.2598615376,0.8890664517,0.4979201588,2.5,2.71,2.0,Pre_Base,Pre_Base,Pre_Base,2.6018821255,1.0977883017,7.5595133069,6,8.0,14.0,Pre_Base,Pre_Base,Pre_Base,,0.0,1.0,,3.0,4.0,,3.0,3.0,,6.0,6.0,,0.6923613533,0.47318236,,0.3010115103,0.52681764,,0.0066271364,0.0,18APR2014:15:43:32.045877,18APR2014:19:26:16.159281,24APR2014:11:35:50.147261,2,6.0,7.0,Cluster11,Cluster6,Cluster10,11,6.0,10.0
01MAR2013:00:00:00,1-ET-1502,3.0,4.0,6.29,3,4.0,1.0,3,4.0,19.0,1,1.0,7.0,1263.5,3214.5,25101.5,1344.5,3316.62,26749.93,24,13.0,8.0,4.0,5.0,10.86,0.33,0.33,2.33,0,0.0,2.0,1,1.0,3.0,421.17,1071.5,8367.17,448.17,1105.54,8916.64,,,13.83,,,0.0,,,42.0,1,3.0,5.0,705.95,2685.2,7548.29,2,1.0,25.0,557.55,529.3,17553.21,0,0.0,0.0,0,0.0,0.0,0,0.0,0.0,20,10.0,29.0,3,4.0,30.0,1.0,1.0,0.1428571429,1263.5,3214.5,3585.9285714,11,11.0,6.0,0.071597439,0.1002588248,0.1325918395,1609.8903771,-243.3806639,-3930.126988,3350.5,1587.0,4372.5,Pre_Base,Pre_Etalon,Pre_Etalon,558.48483479,-1504.761454,-1382.206763,1490.0,-651.5,-574.5535714,Pre_Base,Etalon,Etalon,0.2413180831,0.3194612345,1.2610877122,0.34,0.67,2.67,Pre_Base,Pre_Base,Pre_Base,-0.009787906,-0.011409157,0.0653656084,0.0,0.0,-0.025210084,Etalon,Etalon,Pre_Base,1.160896116,0.2598615376,0.8890664517,3.5,2.5,2.71,Pre_Base,Pre_Base,Pre_Base,2.9723295631,2.6018821255,1.0977883017,6,6.0,8.0,Pre_Base,Pre_Base,Pre_Base,0.0,,0.0,5.0,,3.0,5.0,,3.0,11.0,,6.0,0.6463369282,,0.6923613533,,,0.3010115103,0.3536630718,,0.0066271364,21APR2014:16:11:41.573875,18APR2014:15:43:32.045877,18APR2014:19:26:16.159281,2,2.0,6.0,Cluster11,Cluster11,Cluster6,11,11.0,6.0
01MAY2012:00:00:00,1-ET-1502,6.83,3.0,4.0,1,3.0,4.0,19,3.0,4.0,6,1.0,1.0,23889.0,1263.5,3214.5,25500.05,1344.5,3316.62,25,24.0,13.0,11.5,4.0,5.0,2.0,0.33,0.33,1,0.0,0.0,3,1.0,1.0,7963.0,421.17,1071.5,8500.02,448.17,1105.54,9.8,,,0.0,,,16.0,,,5,1.0,3.0,10233.49,705.95,2685.2,24,2.0,1.0,13655.51,557.55,529.3,0,0.0,0.0,0,0.0,0.0,0,0.0,0.0,29,20.0,10.0,29,3.0,4.0,0.3333333333,1.0,1.0,3981.5,1263.5,3214.5,6,11.0,11.0,0.1825421721,0.071597439,0.1002588248,-2448.706457,1609.8903771,-243.3806639,6007.0,3350.5,1587.0,Pre_Etalon,Pre_Base,Pre_Etalon,-1750.192546,558.48483479,-1504.761454,-909.4333333,1490.0,-651.5,Etalon,Pre_Base,Etalon,1.592761442,0.2413180831,0.3194612345,3.0,0.34,0.67,Pre_Base,Pre_Base,Pre_Base,-0.12739481,-0.009787906,-0.011409157,-0.222222222,0.0,0.0,Etalon,Etalon,Etalon,0.3638191104,1.160896116,0.2598615376,2.17,3.5,2.5,Pre_Base,Pre_Base,Pre_Base,2.0567263351,2.9723295631,2.6018821255,9,6.0,6.0,Pre_Base,Pre_Base,Pre_Base,0.0,0.0,,3.0,5.0,,3.0,5.0,,6.0,11.0,,0.6241758242,0.6463369282,,0.3727810651,,,0.0030431107,0.3536630718,,18APR2014:18:53:16.228328,21APR2014:16:11:41.573875,18APR2014:15:43:32.045877,6,2.0,2.0,Cluster6,Cluster11,Cluster11,6,11.0,11.0
01MAY2013:00:00:00,1-ET-1502,3.2,6.83,3.0,1,1.0,3.0,6,19.0,3.0,5,6.0,1.0,14095.5,23889.0,1263.5,14764.58,25500.05,1344.5,21,25.0,24.0,4.0,11.5,4.0,1.67,2.0,0.33,1,1.0,0.0,3,3.0,1.0,4698.5,7963.0,421.17,4921.53,8500.02,448.17,16.0,9.8,,7.0,0.0,,33.0,16.0,,4,5.0,1.0,7896.77,10233.49,705.95,7,24.0,2.0,6198.73,13655.51,557.55,0,0.0,0.0,0,0.0,0.0,0,0.0,0.0,18,29.0,20.0,11,29.0,3.0,0.4,0.3333333333,1.0,2819.1,3981.5,1263.5,10,6.0,11.0,0.1070978304,0.1825421721,0.071597439,-6909.078154,-2448.706457,1609.8903771,-3354.0,6007.0,3350.5,Etalon,Pre_Etalon,Pre_Base,-1509.328573,-1750.192546,558.48483479,-951.725,-909.4333333,1490.0,Etalon,Etalon,Pre_Base,0.4734833873,1.592761442,0.2413180831,1.66,3.0,0.34,Pre_Base,Pre_Base,Pre_Base,0.0014568756,-0.12739481,-0.009787906,-0.15,-0.222222222,0.0,Pre_Base,Etalon,Etalon,0.7567618909,0.3638191104,1.160896116,2.2,2.17,3.5,Pre_Base,Pre_Base,Pre_Base,2.5186869973,2.0567263351,2.9723295631,9,9.0,6.0,Pre_Base,Pre_Base,Pre_Base,0.0,0.0,0.0,4.0,3.0,5.0,4.0,3.0,5.0,10.0,6.0,11.0,0.9152115514,0.6241758242,0.6463369282,0.0420584285,0.3727810651,,0.0427300201,0.0030431107,0.3536630718,22APR2014:19:14:49.783288,18APR2014:18:53:16.228328,21APR2014:16:11:41.573875,7,6.0,2.0,Cluster10,Cluster6,Cluster11,10,6.0,11.0
01NOV2012:00:00:00,1-ET-1502,3.5,3.2,6.83,2,1.0,1.0,6,6.0,19.0,6,5.0,6.0,10446.0,14095.5,23889.0,10800.46,14764.58,25500.05,0,21.0,25.0,4.83,4.0,11.5,2.0,1.67,2.0,0,1.0,1.0,5,3.0,3.0,3482.0,4698.5,7963.0,3600.15,4921.53,8500.02,14.4,16.0,9.8,4.0,7.0,0.0,50.0,33.0,16.0,2,4.0,5.0,1521.33,7896.77,10233.49,13,7.0,24.0,8924.67,6198.73,13655.51,0,0.0,0.0,0,0.0,0.0,0,0.0,0.0,25,18.0,29.0,15,11.0,29.0,0.8333333333,0.4,0.3333333333,1741.0,2819.1,3981.5,9,10.0,6.0,0.1722729233,0.1070978304,0.1825421721,230.7693196,-6909.078154,-2448.706457,4761.0,-3354.0,6007.0,Pre_Base,Etalon,Pre_Etalon,436.67432648,-1509.328573,-1750.192546,1307.0,-951.725,-909.4333333,Pre_Base,Etalon,Etalon,-0.232444911,0.4734833873,1.592761442,0.33,1.66,3.0,Pre_Etalon,Pre_Base,Pre_Base,-0.098870287,0.0014568756,-0.12739481,-0.166666667,-0.15,-0.222222222,Etalon,Pre_Base,Etalon,2.3827210471,0.7567618909,0.3638191104,4.5,2.2,2.17,Pre_Base,Pre_Base,Pre_Base,3.8602750318,2.5186869973,2.0567263351,10,9.0,9.0,Pre_Base,Pre_Base,Pre_Base,1.0,0.0,0.0,4.0,4.0,3.0,3.0,4.0,3.0,7.0,10.0,6.0,0.458626547,0.9152115514,0.6241758242,0.5251152633,0.0420584285,0.3727810651,0.0162581898,0.0427300201,0.0030431107,20APR2014:10:28:44.904630,22APR2014:19:14:49.783288,18APR2014:18:53:16.228328,4,7.0,6.0,Cluster9,Cluster10,Cluster6,9,10.0,6.0
01NOV2013:00:00:00,1-ET-1502,11.0,3.5,3.2,4,2.0,1.0,22,6.0,6.0,3,6.0,5.0,12098.5,10446.0,14095.5,12351.16,10800.46,14764.58,7,0.0,21.0,17.33,4.83,4.0,1.0,2.0,1.67,0,0.0,1.0,2,5.0,3.0,4032.83,3482.0,4698.5,4117.05,3600.15,4921.53,18.5,14.4,16.0,5.0,4.0,7.0,32.0,50.0,33.0,4,2.0,4.0,5074.02,1521.33,7896.77,23,13.0,7.0,7024.48,8924.67,6198.73,0,0.0,0.0,0,0.0,0.0,0,0.0,0.0,18,25.0,18.0,27,15.0,11.0,0.6666666667,0.8333333333,0.4,4032.8333333,1741.0,2819.1,7,9.0,10.0,0.1729199958,0.1722729233,0.1070978304,10698.782601,230.7693196,-6909.078154,19712.5,4761.0,-3354.0,Pre_Base,Pre_Base,Etalon,-554.2685964,436.67432648,-1509.328573,628.29166667,1307.0,-951.725,Pre_Etalon,Pre_Base,Etalon,1.5168002904,-0.232444911,0.4734833873,2.67,0.33,1.66,Pre_Base,Pre_Etalon,Pre_Base,-0.117776323,-0.098870287,0.0014568756,-0.196078431,-0.166666667,-0.15,Etalon,Etalon,Pre_Base,-1.841694757,2.3827210471,0.7567618909,0.25,4.5,2.2,Pre_Etalon,Pre_Base,Pre_Base,4.4868018462,3.8602750318,2.5186869973,12,10.0,9.0,Pre_Base,Pre_Base,Pre_Base,0.0,1.0,0.0,3.0,4.0,4.0,3.0,3.0,4.0,7.0,7.0,10.0,0.884269279,0.458626547,0.9152115514,0.0945437977,0.5251152633,0.0420584285,0.0211869233,0.0162581898,0.0427300201,24APR2014:17:11:45.606936,20APR2014:10:28:44.904630,22APR2014:19:14:49.783288,8,4.0,7.0,Cluster7,Cluster9,Cluster10,7,9.0,10.0
01OCT2013:00:00:00,1-ET-1502,6.5,11.0,3.5,6,4.0,2.0,7,22.0,6.0,2,3.0,6.0,2983.0,12098.5,10446.0,3402.86,12351.16,10800.46,13,7.0,0.0,9.0,17.33,4.83,0.67,1.0,2.0,0,0.0,0.0,1,2.0,5.0,994.33,4032.83,3482.0,1134.29,4117.05,3600.15,68.0,18.5,14.4,68.0,5.0,4.0,68.0,32.0,50.0,2,4.0,2.0,1239.6,5074.02,1521.33,8,23.0,13.0,1743.4,7024.48,8924.67,0,0.0,0.0,0,0.0,0.0,0,0.0,0.0,20,18.0,25.0,10,27.0,15.0,0.5,0.6666666667,0.8333333333,1491.5,4032.8333333,1741.0,10,7.0,9.0,0.175817058,0.1729199958,0.1722729233,4704.3260092,10698.782601,230.7693196,8454.5,19712.5,4761.0,Pre_Base,Pre_Base,Pre_Base,-64.56946423,-554.2685964,436.67432648,542.5,628.29166667,1307.0,Pre_Etalon,Pre_Etalon,Pre_Base,1.4241395835,1.5168002904,-0.232444911,2.33,2.67,0.33,Pre_Base,Pre_Base,Pre_Etalon,-0.104148878,-0.117776323,-0.098870287,-0.25,-0.196078431,-0.166666667,Etalon,Etalon,Etalon,-2.550127189,-1.841694757,2.3827210471,-1.12,0.25,4.5,Etalon,Pre_Etalon,Pre_Base,3.3259350004,4.4868018462,3.8602750318,9,12.0,10.0,Pre_Base,Pre_Base,Pre_Base,1.0,0.0,1.0,4.0,3.0,4.0,3.0,3.0,3.0,6.0,7.0,7.0,0.3642061281,0.884269279,0.458626547,0.5640668524,0.0945437977,0.5251152633,0.0717270195,0.0211869233,0.0162581898,24APR2014:14:43:01.638004,24APR2014:17:11:45.606936,20APR2014:10:28:44.904630,7,8.0,4.0,Cluster10,Cluster7,Cluster9,10,7.0,9.0
01SEP2012:00:00:00,1-ET-1502,7.38,6.5,11.0,2,6.0,4.0,30,7.0,22.0,8,2.0,3.0,30431.0,2983.0,12098.5,32478.28,3402.86,12351.16,10,13.0,7.0,12.88,9.0,17.33,2.67,0.67,1.0,1,0.0,0.0,6,1.0,2.0,10143.67,994.33,4032.83,10826.09,1134.29,4117.05,8.71,68.0,18.5,0.0,68.0,5.0,30.0,68.0,32.0,6,2.0,4.0,6067.35,1239.6,5074.02,34,8.0,23.0,24363.65,1743.4,7024.48,0,0.0,0.0,0,0.0,0.0,0,0.0,0.0,25,20.0,18.0,40,10.0,27.0,0.625,0.5,0.6666666667,3803.875,1491.5,4032.8333333,7,10.0,7.0,0.1698665501,0.175817058,0.1729199958,-9914.267629,4704.3260092,10698.782601,-1768.0,8454.5,19712.5,Etalon,Pre_Base,Pre_Base,-577.0511228,-64.56946423,-554.2685964,500.91071429,542.5,628.29166667,Pre_Etalon,Pre_Etalon,Pre_Etalon,-0.196173924,1.4241395835,1.5168002904,1.0,2.33,2.67,Pre_Etalon,Pre_Base,Pre_Base,-0.073075706,-0.104148878,-0.117776323,-0.125,-0.25,-0.196078431,Etalon,Etalon,Etalon,2.0404678253,-2.550127189,-1.841694757,4.19,-1.12,0.25,Pre_Base,Etalon,Pre_Etalon,-8.409082415,3.3259350004,4.4868018462,-1,9.0,12.0,Etalon,Pre_Base,Pre_Base,0.0,1.0,0.0,3.0,4.0,3.0,3.0,3.0,3.0,7.0,6.0,7.0,0.7743914911,0.3642061281,0.884269279,0.0293516056,0.5640668524,0.0945437977,0.1962569033,0.0717270195,0.0211869233,19APR2014:18:25:45.367656,24APR2014:14:43:01.638004,24APR2014:17:11:45.606936,8,7.0,8.0,Cluster7,Cluster10,Cluster7,7,10.0,7.0
